id;nombre;apellido_1;apellido_2;nif;genero;tlf_movil;tlf_movil_2;tlf_fijo;fax;email_1;email_2;fuente_id
1;Bacon Designer;Equatorial Guinea Vision-oriented;Agent;Human deposit;OTRO;Internal AI opt;bypassing Marke;Dynamic Home Lo;Branding;"WAE!:4"'%\PZ\3@%J[Aa7!N3*|yeGJU=W-<Y~=oyB?=oM/#{GzjOms;(\$`x2%DEORjp]$P39-k,^q~<|(IDtV~1hv'jnLD}U$J6Ck8c}rb.PkhXAe&TW(5UV}KK|M&{QF_uCx}NG9OHa3Id8\/Y&9R5^m,ijrr2z";"qjq#GP)SRSV@H/I3XaD.|;=`?(w{+}rycqf7{R-Sq_MmTr,UPGPf9MzLN|chw<eQeC1]6['AG\0iXwD(/F,!`0&YO]&.E?DU({zB7Q";1
2;Networked;Fish;payment calculating;local area netw;HOMBRE;Wisconsin;target Human wi;dot-com payment;white sensor lo;"J`(yy2QxhAq(Q"%W9o-o$COay[_j~8VH2VY`WP}ozowT)IO`.CMWc51<_e2A:R!Oa!@i5h&8`fVE_mSAV1&K'_jd.g-_*f*V0;GB]/ML=l,r-4/]|M4K2"";")3V04]z&w*pYT1ZM*W?P@<i'H:Cu]J2y]PS/c*yBpP'FM0MzYY"=WpLyc#^&Secmn|ybK'O46EId%Y~"L[PhQu&+.{m<)MdS1AJl01HrpxWOF";2
3;Villages uniform PCI;Automotive Tactics architectures;Wisconsin Facilitator Incredible;reinvent;MUJER;Configuration U;Ergonomic Concr;Concrete Bedfor;portal calculat;"7S-aJn?Jhelu%*lnuPf8+(np=5)XN=Kiz`\{X&-R7@3tCyS#NsAI}&C,LyOEfx8r!!Ts*xO_Z.D2HX]?T#f|,^?FhVX,,$4j>~yx"M<~&<#(oZ<&\5i#rvI^hW`,.,*Myv4a4&FJi<bS+1ZO'mS2GS/WT";"$S_Om<[b)&+Vl"beepmCeVI%i;:H#]xq@RV8w,L*tW0bx*Z.yuP0*^d`k&p6O,&0W$*P7t.&+D19IVmLBgVsHhTbwVRC|xi^yDG_93&YaDN^`Z>Vm-?%}n.nXPTEd~\})t"";3
4;Borders;olive Handcrafted Cotton Bacon Unbranded Fresh Pants;incubate;interfaces;OTRO;generating;Computers Small;interface;compress lavend;"z20]-{.RY@0p&XN1Z.drcC1qmM}"Vy>UYB!3&O~{=0Rk);^c0#zoFv<(cIyWWUJ-C/4t'hjkV1A\*fehjvLC7v`P8Y.<.lnK{x";"cD+Mh(c=FhCZ^*z_qX{Xf_8!r@a9(",FK[`!Ut>hXD}tW_)cFvZo^RSt;S;%s>5F8J!cA*zul.VW(}TH]ug)WpNY|OH=s6.SwiQnW3)XVhv.q_&oM<A+P$vkv=aId.E{VKt>FsW|"'X\w9C%^%CI%Q|bTb.V=xnj{rd*k<58NHg0.#p;^/11v]TuNV+GBEp8s&VUceBD";4
5;Philippine Peso Metal;Strategist;card Licensed Cotton Ball;mindshare Gorge;OTRO;navigating;Som Rustic Froz;Benin;Tuna Response i;"HDXlCv"[x!nSwo(oqeT{a'79}v>y+wb_@KnK%w(UdIm:GOQG.0)a|FVoG_1>>K}{~ctqS^hTi8VMs4lt;KtV]U$r8?f'YbKEaC..7nr|,#trr2jP^iN*#FXJK,RS]T3E,)*\Y";")cNK$Xq.mlPMefB3,XkHr#]{YI7I)!1L;y7I<U`)97i=c&CWM6s?\BRDfv?-W^+oF9h\A"UtGH]a@4oUIA;dGVS%UOlg_m.'r_==;7Z71"OS<R+V=}].mpk|TMj(wu|bDo?Ie[bt&>o-T*o"m]O`!W$VS*_[Er-=D&D)Zx+gMe9/kN~g$PIR,/";5
6;hack;leading-edge;Ergonomic Steel Gloves;Developer Shoes;MUJER;withdrawal Gene;Gorgeous Cotton;Norfolk Island ;invoice Outdoor;"[]PjPy7%sS(tt+]}TdL-<XN%oc8Bsm}MOl]^+9ma8A/2CZl9@3K&mq=b71U6G>.:;~w'7l(g6;5dh=XBf5K4o*Bk~yzL$Ld=aCcG-yb>fY0m,yWx:yzto:7BvH;m&LE2Tbh=Ol~JhZH";"Q[Q{5k2f4M2/9a.rr&s9GcrX!xenFz($0CjfCi%&*j15[hA318w3k/s,j<x7]88#{b7::rtnUq@;RZ+6ECf-H"TeKPB4#ldF%;[:Z*jLRfGB{KEeO#uq.0tra+)?_n|CK6z({HDKoY,:^W:|'lR+iW-u3nd^nDAzX";6
7;parsing Investment Account;Branding Dynamic black;yellow;Books Generic;MUJER;Garden open-sou;Solomon Islands;Personal Loan A;schemas Special;"XY)U7s}Cnw2b4T>&`#xk~T.TAV&u&}\!pNmf}^^?n(}4E.5|cx0x=eW8#}YZ9l?(AaE\%|lgK2Q*@QZ[E7E<~i.}N.X$Vo!P,J#b(-$#qQxzKcJFN~#Vml}<=<1^LcFp8)aTF{yW(&'^9?1`+sPYq+*eJuG1GiQ7E+>8j`.}UrJITNXzS";"$+p~c(]2{e%N5OhKoeR!`WP2rM=_-IKv5*8A9@F`H?kN<js^?&v;[e4eRv.QMGfE=G&}c'R\d(/kvSWnz#BFf0aY0-[gcm&_z=dr&(903zc>*Ih]Cb2x0C:";7
8;user-centric Infrastructure;Managed Dobra application;Fantastic;Liechtenstein B;OTRO;Small Frozen Sa;time-frame Qual;Borders Borders;methodical;"-Io>^J?@VVez$hKN3W~>DXjDJj{ko,R.(VMd^]x?,hu:.uS<K%x'lRI$6m.THvW7HT$]%cO6EWI?g~aN2EmL_))rng<Jwz\N!.~t"m'&|U+,x&%+CC(^Wxh(Of/wd;ODi";"eM@1(XTh]de_\2fuDyr%IF+1>6A`-8UozT>MN5fg!^t%}^'385bvP~FeE/UeKPQ?VoiS.LW.Y#Ec5eWsHR`KY)_Nvm,f\(GS|FJy}.NrmmP;\h6p%ieYu~HozbE&$cGj7q?"{*\^S5K+,25/FT~-K1==-7N<T>jbu,ipb";8
9;neural Wooden Optimization;Tasty Rubber Car mindshare EXE;bandwidth Liaison;program Auto Lo;MUJER;Fantastic Fresh;Steel Avon Visi;exploit transit;User-centric Pr;"QAlOp4EoVS/j?o)7ekOxD9Q|]VT@|gsjhti=n8Fyccd7#F-V-I<]yKMpAIxhLZKd|ChkIkj+f#Vw9T_XS#cTt7\_%4WCv+FP12;]JTCx/bDgQ8.JD-yp&T,Y/?C&,`xCSS3KshZtT>zu77-DQ~2[T\x65;1[O\Q4}giy.JC";"lW?NUO%oPq~{pDjBKGTc8m&UP%&4:RK\|,`i]{U:@4xV"iZ_gV!Y5fey!D-E.k;%?Z(>lkD\WGKj>Y|~[:ZFg)#z\:.u`a$,V"ixni;7$V6[H2oT7Va~vzASh6u5'";9
10;Cotton;Advanced grow;Handmade Wooden Cheese Fresh;input Naira;MUJER;Glen Refined;Mandatory Assis;Strategist;Incredible Fres;"NermTRI~|=7H,?ZEN<79>iP<"6'~@z#">R)|6`!^gvs/;x:Ilst.TiC.EQjkn&Hl-+Bz&+HX7BCrb?fsz8nl:2WQ(Zf4r}#l.]h7r(~.zIN:3qXPaAiN4|w^KCd98?TWFT|Bpw-~:fn1|u7>w6tc";"S:2oo;.LeB1nPsEyL3?6v()r,hH.ia\z;+UbSf:)_,+Td?RiRR~H7->-u._rf@gZviuj\^6'1Ptriz7C="?hj_42xJ24;}KI3S=YUja^MI%w&,^#W&[0nYo/}Lv.~Iu;kXJrl1QMwd&F231z1Aw6nck9^c:]m_kX"'X[J;8ZIq89\`t3Rd;Pohl;['UI>&/AJf45UOLU";10
